"filename", "language", "XML", "YAML", "C#", "MS SQL", "comment", "blank", "total"
"c:\Users\darli\RiderProjects\kir1l9x\.github\workflows\dotnet.yaml", "YAML", 0, 21, 0, 0, 0, 7, 28
"c:\Users\darli\RiderProjects\kir1l9x\.github\workflows\forbid-config-changes.yaml", "YAML", 0, 35, 0, 0, 0, 5, 40
"c:\Users\darli\RiderProjects\kir1l9x\CRM\CRM.csproj", "XML", 20, 0, 0, 0, 0, 5, 25
"c:\Users\darli\RiderProjects\kir1l9x\CRM\Program.cs", "C#", 0, 0, 25, 0, 0, 5, 30
"c:\Users\darli\RiderProjects\kir1l9x\ConsoleUI\ConsoleUI.csproj", "XML", 15, 0, 0, 0, 0, 5, 20
"c:\Users\darli\RiderProjects\kir1l9x\ConsoleUI\Extensions\ScenariosCollectionExtensions.cs", "C#", 0, 0, 52, 0, 0, 4, 56
"c:\Users\darli\RiderProjects\kir1l9x\ConsoleUI\IScenario.cs", "C#", 0, 0, 6, 0, 0, 2, 8
"c:\Users\darli\RiderProjects\kir1l9x\ConsoleUI\IScenarioProvider.cs", "C#", 0, 0, 6, 0, 0, 2, 8
"c:\Users\darli\RiderProjects\kir1l9x\ConsoleUI\ScenarioRunner.cs", "C#", 0, 0, 30, 0, 0, 6, 36
"c:\Users\darli\RiderProjects\kir1l9x\ConsoleUI\Scenarios\Admin\Changing\ChangeOwnNameScenario.cs", "C#", 0, 0, 17, 0, 0, 5, 22
"c:\Users\darli\RiderProjects\kir1l9x\ConsoleUI\Scenarios\Admin\Changing\ChangeOwnNameScenarioProvider.cs", "C#", 0, 0, 25, 0, 0, 5, 30
"c:\Users\darli\RiderProjects\kir1l9x\ConsoleUI\Scenarios\Admin\Changing\ChangeOwnPasswordScenario.cs", "C#", 0, 0, 17, 0, 0, 5, 22
"c:\Users\darli\RiderProjects\kir1l9x\ConsoleUI\Scenarios\Admin\Changing\ChangeOwnPasswordScenarioProvider.cs", "C#", 0, 0, 25, 0, 0, 5, 30
"c:\Users\darli\RiderProjects\kir1l9x\ConsoleUI\Scenarios\Admin\Changing\ChangeUserNameScenario.cs", "C#", 0, 0, 28, 0, 0, 5, 33
"c:\Users\darli\RiderProjects\kir1l9x\ConsoleUI\Scenarios\Admin\Changing\ChangeUserNameScenarioProvider.cs", "C#", 0, 0, 25, 0, 0, 5, 30
"c:\Users\darli\RiderProjects\kir1l9x\ConsoleUI\Scenarios\Admin\Changing\ChangeUserPasswordScenario.cs", "C#", 0, 0, 28, 0, 0, 5, 33
"c:\Users\darli\RiderProjects\kir1l9x\ConsoleUI\Scenarios\Admin\Changing\ChangeUserPasswordScenarioProvider.cs", "C#", 0, 0, 25, 0, 0, 5, 30
"c:\Users\darli\RiderProjects\kir1l9x\ConsoleUI\Scenarios\Admin\Changing\ChangeUserRoleScenario.cs", "C#", 0, 0, 41, 0, 0, 6, 47
"c:\Users\darli\RiderProjects\kir1l9x\ConsoleUI\Scenarios\Admin\Changing\ChangeUserRoleScenarioProvider.cs", "C#", 0, 0, 25, 0, 0, 5, 30
"c:\Users\darli\RiderProjects\kir1l9x\ConsoleUI\Scenarios\Admin\Creation\CreateNewAccountScenario.cs", "C#", 0, 0, 27, 0, 0, 6, 33
"c:\Users\darli\RiderProjects\kir1l9x\ConsoleUI\Scenarios\Admin\Creation\CreateNewAccountScenarioProvider.cs", "C#", 0, 0, 25, 0, 0, 5, 30
"c:\Users\darli\RiderProjects\kir1l9x\ConsoleUI\Scenarios\Admin\Creation\CreateNewUserScenario.cs", "C#", 0, 0, 28, 0, 0, 6, 34
"c:\Users\darli\RiderProjects\kir1l9x\ConsoleUI\Scenarios\Admin\Creation\CreateNewUserScenarioProvider.cs", "C#", 0, 0, 25, 0, 0, 5, 30
"c:\Users\darli\RiderProjects\kir1l9x\ConsoleUI\Scenarios\Admin\Deleting\DeleteAccountScenario.cs", "C#", 0, 0, 27, 0, 0, 5, 32
"c:\Users\darli\RiderProjects\kir1l9x\ConsoleUI\Scenarios\Admin\Deleting\DeleteAccountScenarioProvider.cs", "C#", 0, 0, 25, 0, 0, 5, 30
"c:\Users\darli\RiderProjects\kir1l9x\ConsoleUI\Scenarios\Admin\Deleting\DeleteUserScenario.cs", "C#", 0, 0, 27, 0, 0, 5, 32
"c:\Users\darli\RiderProjects\kir1l9x\ConsoleUI\Scenarios\Admin\Deleting\DeleteUserScenarioProvider.cs", "C#", 0, 0, 25, 0, 0, 5, 30
"c:\Users\darli\RiderProjects\kir1l9x\ConsoleUI\Scenarios\Admin\LogOutScenario.cs", "C#", 0, 0, 17, 0, 0, 5, 22
"c:\Users\darli\RiderProjects\kir1l9x\ConsoleUI\Scenarios\Admin\LogOutScenarioProvider.cs", "C#", 0, 0, 25, 0, 0, 5, 30
"c:\Users\darli\RiderProjects\kir1l9x\ConsoleUI\Scenarios\Admin\Show\FindUserByIdScenario.cs", "C#", 0, 0, 32, 0, 0, 6, 38
"c:\Users\darli\RiderProjects\kir1l9x\ConsoleUI\Scenarios\Admin\Show\FindUserByIdScenarioProvider.cs", "C#", 0, 0, 25, 0, 0, 5, 30
"c:\Users\darli\RiderProjects\kir1l9x\ConsoleUI\Scenarios\Admin\Show\FindUserByUsernameScenario.cs", "C#", 0, 0, 32, 0, 0, 6, 38
"c:\Users\darli\RiderProjects\kir1l9x\ConsoleUI\Scenarios\Admin\Show\FindUserByUsernameScenarioProvider.cs", "C#", 0, 0, 25, 0, 0, 5, 30
"c:\Users\darli\RiderProjects\kir1l9x\ConsoleUI\Scenarios\Admin\Show\GetUserAccountsInfoScenario.cs", "C#", 0, 0, 46, 0, 0, 10, 56
"c:\Users\darli\RiderProjects\kir1l9x\ConsoleUI\Scenarios\Admin\Show\GetUserAccountsInfoScenarioProvider.cs", "C#", 0, 0, 25, 0, 0, 5, 30
"c:\Users\darli\RiderProjects\kir1l9x\ConsoleUI\Scenarios\Admin\Show\ShowAccountTransactionsByDateScenario.cs", "C#", 0, 0, 49, 0, 0, 10, 59
"c:\Users\darli\RiderProjects\kir1l9x\ConsoleUI\Scenarios\Admin\Show\ShowAccountTransactionsByDateScenarioProvider.cs", "C#", 0, 0, 27, 0, 0, 5, 32
"c:\Users\darli\RiderProjects\kir1l9x\ConsoleUI\Scenarios\Admin\Show\ShowAccountTransactionsScenario.cs", "C#", 0, 0, 47, 0, 0, 10, 57
"c:\Users\darli\RiderProjects\kir1l9x\ConsoleUI\Scenarios\Admin\Show\ShowAccountTransactionsScenarioProvider.cs", "C#", 0, 0, 27, 0, 0, 5, 32
"c:\Users\darli\RiderProjects\kir1l9x\ConsoleUI\Scenarios\Admin\Show\ShowAllAccountsScenario.cs", "C#", 0, 0, 41, 0, 0, 7, 48
"c:\Users\darli\RiderProjects\kir1l9x\ConsoleUI\Scenarios\Admin\Show\ShowAllAccountsScenarioProvider.cs", "C#", 0, 0, 25, 0, 0, 5, 30
"c:\Users\darli\RiderProjects\kir1l9x\ConsoleUI\Scenarios\Admin\Show\ShowAllAuditLogsScenario.cs", "C#", 0, 0, 41, 0, 0, 9, 50
"c:\Users\darli\RiderProjects\kir1l9x\ConsoleUI\Scenarios\Admin\Show\ShowAllAuditLogsScenarioProvider.cs", "C#", 0, 0, 25, 0, 0, 5, 30
"c:\Users\darli\RiderProjects\kir1l9x\ConsoleUI\Scenarios\Admin\Show\ShowAllUsersScenario.cs", "C#", 0, 0, 41, 0, 0, 9, 50
"c:\Users\darli\RiderProjects\kir1l9x\ConsoleUI\Scenarios\Admin\Show\ShowAllUsersScenarioProvider.cs", "C#", 0, 0, 25, 0, 0, 5, 30
"c:\Users\darli\RiderProjects\kir1l9x\ConsoleUI\Scenarios\Admin\Show\ShowAuditLogsByDateScenario.cs", "C#", 0, 0, 43, 0, 0, 8, 51
"c:\Users\darli\RiderProjects\kir1l9x\ConsoleUI\Scenarios\Admin\Show\ShowAuditLogsByDateScenarioProvider.cs", "C#", 0, 0, 25, 0, 0, 5, 30
"c:\Users\darli\RiderProjects\kir1l9x\ConsoleUI\Scenarios\Admin\Show\ShowUserAuditLogsScenario.cs", "C#", 0, 0, 47, 0, 0, 11, 58
"c:\Users\darli\RiderProjects\kir1l9x\ConsoleUI\Scenarios\Admin\Show\ShowUserAuditLogsScenarioProvider.cs", "C#", 0, 0, 25, 0, 0, 5, 30
"c:\Users\darli\RiderProjects\kir1l9x\ConsoleUI\Scenarios\Client\Change\ChangeNameScenario.cs", "C#", 0, 0, 17, 0, 0, 5, 22
"c:\Users\darli\RiderProjects\kir1l9x\ConsoleUI\Scenarios\Client\Change\ChangeNameScenarioProvider.cs", "C#", 0, 0, 25, 0, 0, 5, 30
"c:\Users\darli\RiderProjects\kir1l9x\ConsoleUI\Scenarios\Client\Change\ChangePasswordScenario.cs", "C#", 0, 0, 17, 0, 0, 5, 22
"c:\Users\darli\RiderProjects\kir1l9x\ConsoleUI\Scenarios\Client\Change\ChangePasswordScenarioProvider.cs", "C#", 0, 0, 25, 0, 0, 5, 30
"c:\Users\darli\RiderProjects\kir1l9x\ConsoleUI\Scenarios\Client\Create\CreateAccountScenario.cs", "C#", 0, 0, 15, 0, 0, 5, 20
"c:\Users\darli\RiderProjects\kir1l9x\ConsoleUI\Scenarios\Client\Create\CreateAccountScenarioProvider.cs", "C#", 0, 0, 25, 0, 0, 5, 30
"c:\Users\darli\RiderProjects\kir1l9x\ConsoleUI\Scenarios\Client\Deleting\DeleteAccountScenario.cs", "C#", 0, 0, 44, 0, 0, 7, 51
"c:\Users\darli\RiderProjects\kir1l9x\ConsoleUI\Scenarios\Client\Deleting\DeleteAccountScenarioProvider.cs", "C#", 0, 0, 25, 0, 0, 5, 30
"c:\Users\darli\RiderProjects\kir1l9x\ConsoleUI\Scenarios\Client\LogOutScenario.cs", "C#", 0, 0, 17, 0, 0, 5, 22
"c:\Users\darli\RiderProjects\kir1l9x\ConsoleUI\Scenarios\Client\LogOutScenarioProvider.cs", "C#", 0, 0, 25, 0, 0, 5, 30
"c:\Users\darli\RiderProjects\kir1l9x\ConsoleUI\Scenarios\Client\Money\ReplenishScenario.cs", "C#", 0, 0, 28, 0, 0, 5, 33
"c:\Users\darli\RiderProjects\kir1l9x\ConsoleUI\Scenarios\Client\Money\ReplenishScenarioProvider.cs", "C#", 0, 0, 25, 0, 0, 5, 30
"c:\Users\darli\RiderProjects\kir1l9x\ConsoleUI\Scenarios\Client\Money\TransferScenario.cs", "C#", 0, 0, 38, 0, 0, 5, 43
"c:\Users\darli\RiderProjects\kir1l9x\ConsoleUI\Scenarios\Client\Money\TransferScenarioProvider.cs", "C#", 0, 0, 25, 0, 0, 5, 30
"c:\Users\darli\RiderProjects\kir1l9x\ConsoleUI\Scenarios\Client\Show\ShowAccountsScenario.cs", "C#", 0, 0, 39, 0, 0, 7, 46
"c:\Users\darli\RiderProjects\kir1l9x\ConsoleUI\Scenarios\Client\Show\ShowAccountsScenarioProvider.cs", "C#", 0, 0, 25, 0, 0, 5, 30
"c:\Users\darli\RiderProjects\kir1l9x\ConsoleUI\Scenarios\Client\Show\ShowBalanceScenario.cs", "C#", 0, 0, 30, 0, 0, 8, 38
"c:\Users\darli\RiderProjects\kir1l9x\ConsoleUI\Scenarios\Client\Show\ShowBalanceScenarioProvider.cs", "C#", 0, 0, 25, 0, 0, 5, 30
"c:\Users\darli\RiderProjects\kir1l9x\ConsoleUI\Scenarios\Client\Show\ShowTransactionsScenario.cs", "C#", 0, 0, 43, 0, 0, 8, 51
"c:\Users\darli\RiderProjects\kir1l9x\ConsoleUI\Scenarios\Client\Show\ShowTransactionsScenarioProvider.cs", "C#", 0, 0, 25, 0, 0, 5, 30
"c:\Users\darli\RiderProjects\kir1l9x\ConsoleUI\Scenarios\EntryScenario\AuthenticateScenario.cs", "C#", 0, 0, 35, 0, 0, 6, 41
"c:\Users\darli\RiderProjects\kir1l9x\ConsoleUI\Scenarios\EntryScenario\AuthenticateScenarioProvider.cs", "C#", 0, 0, 24, 0, 0, 5, 29
"c:\Users\darli\RiderProjects\kir1l9x\ConsoleUI\Scenarios\EntryScenario\LoginScenario.cs", "C#", 0, 0, 32, 0, 0, 6, 38
"c:\Users\darli\RiderProjects\kir1l9x\ConsoleUI\Scenarios\EntryScenario\LoginScenarioProvider.cs", "C#", 0, 0, 24, 0, 0, 5, 29
"c:\Users\darli\RiderProjects\kir1l9x\Contracts\Accounts\IAccountService.cs", "C#", 0, 0, 13, 0, 0, 7, 20
"c:\Users\darli\RiderProjects\kir1l9x\Contracts\AuditLogs\IAuditLogService.cs", "C#", 0, 0, 10, 0, 0, 6, 16
"c:\Users\darli\RiderProjects\kir1l9x\Contracts\Contracts.csproj", "XML", 11, 0, 0, 0, 0, 4, 15
"c:\Users\darli\RiderProjects\kir1l9x\Contracts\Controllers\IAdminController.cs", "C#", 0, 0, 27, 0, 0, 22, 49
"c:\Users\darli\RiderProjects\kir1l9x\Contracts\Controllers\IClientController.cs", "C#", 0, 0, 16, 0, 0, 12, 28
"c:\Users\darli\RiderProjects\kir1l9x\Contracts\Controllers\INonAuthorizedController.cs", "C#", 0, 0, 8, 0, 0, 4, 12
"c:\Users\darli\RiderProjects\kir1l9x\Contracts\Controllers\OperationResults\AuthenticationResult.cs", "C#", 0, 0, 21, 0, 0, 8, 29
"c:\Users\darli\RiderProjects\kir1l9x\Contracts\Controllers\OperationResults\ChangingUserResult.cs", "C#", 0, 0, 6, 0, 0, 2, 8
"c:\Users\darli\RiderProjects\kir1l9x\Contracts\Controllers\OperationResults\CheckBalanceResult.cs", "C#", 0, 0, 19, 0, 0, 6, 25
"c:\Users\darli\RiderProjects\kir1l9x\Contracts\Controllers\OperationResults\CreationAccountResult.cs", "C#", 0, 0, 7, 0, 0, 3, 10
"c:\Users\darli\RiderProjects\kir1l9x\Contracts\Controllers\OperationResults\CreationUserResult.cs", "C#", 0, 0, 7, 0, 0, 3, 10
"c:\Users\darli\RiderProjects\kir1l9x\Contracts\Controllers\OperationResults\DeleteAccountResult.cs", "C#", 0, 0, 9, 0, 0, 5, 14
"c:\Users\darli\RiderProjects\kir1l9x\Contracts\Controllers\OperationResults\DeleteUserResult.cs", "C#", 0, 0, 6, 0, 0, 2, 8
"c:\Users\darli\RiderProjects\kir1l9x\Contracts\Controllers\OperationResults\FindingUserResult.cs", "C#", 0, 0, 19, 0, 0, 6, 25
"c:\Users\darli\RiderProjects\kir1l9x\Contracts\Controllers\OperationResults\GetAccountTransactionsResult.cs", "C#", 0, 0, 19, 0, 0, 6, 25
"c:\Users\darli\RiderProjects\kir1l9x\Contracts\Controllers\OperationResults\GetAccountsResult.cs", "C#", 0, 0, 19, 0, 0, 6, 25
"c:\Users\darli\RiderProjects\kir1l9x\Contracts\Controllers\OperationResults\ReplenishResult.cs", "C#", 0, 0, 6, 0, 0, 2, 8
"c:\Users\darli\RiderProjects\kir1l9x\Contracts\Controllers\OperationResults\TransferResult.cs", "C#", 0, 0, 9, 0, 0, 5, 14
"c:\Users\darli\RiderProjects\kir1l9x\Contracts\Transactions\ITransactionService.cs", "C#", 0, 0, 9, 0, 0, 4, 13
"c:\Users\darli\RiderProjects\kir1l9x\Contracts\Users\ICurrentUserService.cs", "C#", 0, 0, 6, 0, 0, 2, 8
"c:\Users\darli\RiderProjects\kir1l9x\Contracts\Users\IUserService.cs", "C#", 0, 0, 14, 0, 0, 10, 24
"c:\Users\darli\RiderProjects\kir1l9x\DataAccess\DataAccess.csproj", "XML", 15, 0, 0, 0, 0, 5, 20
"c:\Users\darli\RiderProjects\kir1l9x\DataAccess\Extensions\DataAccessExtensions.cs", "C#", 0, 0, 23, 0, 0, 3, 26
"c:\Users\darli\RiderProjects\kir1l9x\DataAccess\Repositories\AccountsRepository.cs", "C#", 0, 0, 162, 0, 0, 47, 209
"c:\Users\darli\RiderProjects\kir1l9x\DataAccess\Repositories\AuditLogRepository.cs", "C#", 0, 0, 112, 0, 0, 34, 146
"c:\Users\darli\RiderProjects\kir1l9x\DataAccess\Repositories\TransactionsRepository.cs", "C#", 0, 0, 121, 0, 0, 24, 145
"c:\Users\darli\RiderProjects\kir1l9x\DataAccess\Repositories\UsersRepository.cs", "C#", 0, 0, 124, 0, 0, 26, 150
"c:\Users\darli\RiderProjects\kir1l9x\Directory.Build.props", "XML", 33, 0, 0, 0, 2, 5, 40
"c:\Users\darli\RiderProjects\kir1l9x\Directory.Packages.props", "XML", 32, 0, 0, 0, 0, 0, 32
"c:\Users\darli\RiderProjects\kir1l9x\Entities\Accounts\Account.cs", "C#", 0, 0, 65, 0, 0, 14, 79
"c:\Users\darli\RiderProjects\kir1l9x\Entities\AuditLogs\AuditLog.cs", "C#", 0, 0, 29, 0, 0, 7, 36
"c:\Users\darli\RiderProjects\kir1l9x\Entities\Entities.csproj", "XML", 7, 0, 0, 0, 0, 3, 10
"c:\Users\darli\RiderProjects\kir1l9x\Entities\Money.cs", "C#", 0, 0, 74, 0, 0, 20, 94
"c:\Users\darli\RiderProjects\kir1l9x\Entities\Transactions\Transaction.cs", "C#", 0, 0, 78, 0, 0, 16, 94
"c:\Users\darli\RiderProjects\kir1l9x\Entities\Transactions\TransactionType.cs", "C#", 0, 0, 18, 0, 0, 2, 20
"c:\Users\darli\RiderProjects\kir1l9x\Entities\Users\User.cs", "C#", 0, 0, 90, 0, 0, 19, 109
"c:\Users\darli\RiderProjects\kir1l9x\Entities\Users\UserRole.cs", "C#", 0, 0, 13, 0, 0, 5, 18
"c:\Users\darli\RiderProjects\kir1l9x\Interfaces\Interfaces.csproj", "XML", 10, 0, 0, 0, 0, 4, 14
"c:\Users\darli\RiderProjects\kir1l9x\Interfaces\Repositories\IAccountsRepository.cs", "C#", 0, 0, 13, 0, 0, 9, 22
"c:\Users\darli\RiderProjects\kir1l9x\Interfaces\Repositories\IAuditLogRepository.cs", "C#", 0, 0, 10, 0, 0, 6, 16
"c:\Users\darli\RiderProjects\kir1l9x\Interfaces\Repositories\ITransactionsRepository.cs", "C#", 0, 0, 10, 0, 0, 6, 16
"c:\Users\darli\RiderProjects\kir1l9x\Interfaces\Repositories\IUsersRepository.cs", "C#", 0, 0, 11, 0, 0, 7, 18
"c:\Users\darli\RiderProjects\kir1l9x\ServiceControllers\Extensions\ServicesCollectionExtensions.cs", "C#", 0, 0, 23, 0, 0, 3, 26
"c:\Users\darli\RiderProjects\kir1l9x\ServiceControllers\ServiceControllers.csproj", "XML", 16, 0, 0, 0, 0, 5, 21
"c:\Users\darli\RiderProjects\kir1l9x\ServiceControllers\UserController.cs", "C#", 0, 0, 513, 0, 0, 90, 603
"c:\Users\darli\RiderProjects\kir1l9x\Services\Accounts\AccountService.cs", "C#", 0, 0, 101, 0, 0, 20, 121
"c:\Users\darli\RiderProjects\kir1l9x\Services\AuditLogs\AuditLogService.cs", "C#", 0, 0, 53, 0, 0, 10, 63
"c:\Users\darli\RiderProjects\kir1l9x\Services\Services.csproj", "XML", 12, 0, 0, 0, 0, 4, 16
"c:\Users\darli\RiderProjects\kir1l9x\Services\Transactions\TransactionService.cs", "C#", 0, 0, 59, 0, 0, 10, 69
"c:\Users\darli\RiderProjects\kir1l9x\Services\Users\CurrentUserService.cs", "C#", 0, 0, 6, 0, 0, 2, 8
"c:\Users\darli\RiderProjects\kir1l9x\Services\Users\UserService.cs", "C#", 0, 0, 114, 0, 0, 21, 135
"c:\Users\darli\RiderProjects\kir1l9x\docker-compose.yml", "YAML", 0, 16, 0, 0, 0, 3, 19
"c:\Users\darli\RiderProjects\kir1l9x\init.sql", "MS SQL", 0, 0, 0, 64, 7, 14, 85
"c:\Users\darli\RiderProjects\kir1l9x\src\Lab1\Ensures\Ensure.cs", "C#", 0, 0, 18, 0, 0, 2, 20
"c:\Users\darli\RiderProjects\kir1l9x\src\Lab1\Interfaces\IMovableObject.cs", "C#", 0, 0, 8, 0, 0, 3, 11
"c:\Users\darli\RiderProjects\kir1l9x\src\Lab1\Interfaces\IPartOfPathway.cs", "C#", 0, 0, 7, 0, 0, 2, 9
"c:\Users\darli\RiderProjects\kir1l9x\src\Lab1\Lab1.csproj", "XML", 9, 0, 0, 0, 0, 4, 13
"c:\Users\darli\RiderProjects\kir1l9x\src\Lab1\Objects\MovableObjects\Train.cs", "C#", 0, 0, 76, 0, 0, 22, 98
"c:\Users\darli\RiderProjects\kir1l9x\src\Lab1\Objects\StaticObjects\CommonRail.cs", "C#", 0, 0, 45, 0, 0, 12, 57
"c:\Users\darli\RiderProjects\kir1l9x\src\Lab1\Objects\StaticObjects\ForcedRail.cs", "C#", 0, 0, 56, 0, 0, 15, 71
"c:\Users\darli\RiderProjects\kir1l9x\src\Lab1\Objects\StaticObjects\Route.cs", "C#", 0, 0, 21, 0, 0, 7, 28
"c:\Users\darli\RiderProjects\kir1l9x\src\Lab1\Objects\StaticObjects\Station.cs", "C#", 0, 0, 34, 0, 0, 11, 45
"c:\Users\darli\RiderProjects\kir1l9x\src\Lab1\ResultTypes\PassingResult.cs", "C#", 0, 0, 33, 0, 0, 8, 41
"c:\Users\darli\RiderProjects\kir1l9x\src\Lab2\ContextData.cs", "C#", 0, 0, 10, 0, 0, 6, 16
"c:\Users\darli\RiderProjects\kir1l9x\src\Lab2\Controller.cs", "C#", 0, 0, 35, 0, 0, 11, 46
"c:\Users\darli\RiderProjects\kir1l9x\src\Lab2\EducationPrograms\EducationProgramResult.cs", "C#", 0, 0, 33, 0, 0, 8, 41
"c:\Users\darli\RiderProjects\kir1l9x\src\Lab2\EducationPrograms\Factories\IEducationProgramFactory.cs", "C#", 0, 0, 6, 0, 0, 3, 9
"c:\Users\darli\RiderProjects\kir1l9x\src\Lab2\EducationPrograms\Factories\SpecificFactories\BachelorsProgramFactory.cs", "C#", 0, 0, 26, 0, 0, 6, 32
"c:\Users\darli\RiderProjects\kir1l9x\src\Lab2\EducationPrograms\Factories\SpecificFactories\BonusTrackProgramFactory.cs", "C#", 0, 0, 38, 0, 0, 11, 49
"c:\Users\darli\RiderProjects\kir1l9x\src\Lab2\EducationPrograms\Factories\SpecificFactories\CourseProgramFactory.cs", "C#", 0, 0, 35, 0, 0, 10, 45
"c:\Users\darli\RiderProjects\kir1l9x\src\Lab2\EducationPrograms\Factories\SpecificFactories\MasterProgramFactory.cs", "C#", 0, 0, 27, 0, 0, 6, 33
"c:\Users\darli\RiderProjects\kir1l9x\src\Lab2\EducationPrograms\Factories\SpecificFactories\PostgraduateProgramFactory.cs", "C#", 0, 0, 27, 0, 0, 6, 33
"c:\Users\darli\RiderProjects\kir1l9x\src\Lab2\EducationPrograms\IEducationProgram.cs", "C#", 0, 0, 11, 0, 0, 6, 17
"c:\Users\darli\RiderProjects\kir1l9x\src\Lab2\EducationPrograms\SpecificEducationPrograms\AdditionalEducationPrograms\BonusTrackEducationProgram.cs", "C#", 0, 0, 27, 0, 0, 9, 36
"c:\Users\darli\RiderProjects\kir1l9x\src\Lab2\EducationPrograms\SpecificEducationPrograms\AdditionalEducationPrograms\CourseEducationProgram.cs", "C#", 0, 0, 24, 0, 0, 8, 32
"c:\Users\darli\RiderProjects\kir1l9x\src\Lab2\EducationPrograms\SpecificEducationPrograms\AdditionalEducationPrograms\IAdditionalEducationProgram.cs", "C#", 0, 0, 5, 0, 0, 1, 6
"c:\Users\darli\RiderProjects\kir1l9x\src\Lab2\EducationPrograms\SpecificEducationPrograms\UniversityPrograms\BachelorsEducationProgram.cs", "C#", 0, 0, 18, 0, 0, 7, 25
"c:\Users\darli\RiderProjects\kir1l9x\src\Lab2\EducationPrograms\SpecificEducationPrograms\UniversityPrograms\MasterEducationProgram.cs", "C#", 0, 0, 18, 0, 0, 7, 25
"c:\Users\darli\RiderProjects\kir1l9x\src\Lab2\EducationPrograms\SpecificEducationPrograms\UniversityPrograms\PostgraduateEducationProgram.cs", "C#", 0, 0, 18, 0, 0, 7, 25
"c:\Users\darli\RiderProjects\kir1l9x\src\Lab2\Ensures\Ensure.cs", "C#", 0, 0, 18, 0, 0, 2, 20
"c:\Users\darli\RiderProjects\kir1l9x\src\Lab2\Lab2.csproj", "XML", 9, 0, 0, 0, 0, 4, 13
"c:\Users\darli\RiderProjects\kir1l9x\src\Lab2\Materials\LabWorks\LabWork.cs", "C#", 0, 0, 115, 0, 0, 37, 152
"c:\Users\darli\RiderProjects\kir1l9x\src\Lab2\Materials\LabWorks\LabWorkResult.cs", "C#", 0, 0, 29, 0, 0, 7, 36
"c:\Users\darli\RiderProjects\kir1l9x\src\Lab2\Materials\Lectures\LectureMaterial.cs", "C#", 0, 0, 105, 0, 0, 34, 139
"c:\Users\darli\RiderProjects\kir1l9x\src\Lab2\Materials\Lectures\LectureResult.cs", "C#", 0, 0, 29, 0, 0, 7, 36
"c:\Users\darli\RiderProjects\kir1l9x\src\Lab2\Repositories\BaseRepository.cs", "C#", 0, 0, 10, 0, 0, 3, 13
"c:\Users\darli\RiderProjects\kir1l9x\src\Lab2\Repositories\IRepository.cs", "C#", 0, 0, 6, 0, 0, 2, 8
"c:\Users\darli\RiderProjects\kir1l9x\src\Lab2\Repositories\SpecificRepositories\EducationProgramRepository.cs", "C#", 0, 0, 16, 0, 0, 3, 19
"c:\Users\darli\RiderProjects\kir1l9x\src\Lab2\Repositories\SpecificRepositories\LabWorkRepository.cs", "C#", 0, 0, 16, 0, 0, 3, 19
"c:\Users\darli\RiderProjects\kir1l9x\src\Lab2\Repositories\SpecificRepositories\LectureMaterialRepository.cs", "C#", 0, 0, 16, 0, 0, 3, 19
"c:\Users\darli\RiderProjects\kir1l9x\src\Lab2\Repositories\SpecificRepositories\SubjectRepository.cs", "C#", 0, 0, 16, 0, 0, 3, 19
"c:\Users\darli\RiderProjects\kir1l9x\src\Lab2\Repositories\SpecificRepositories\UserRepository.cs", "C#", 0, 0, 16, 0, 0, 3, 19
"c:\Users\darli\RiderProjects\kir1l9x\src\Lab2\Services\EducationProgramService.cs", "C#", 0, 0, 84, 0, 0, 17, 101
"c:\Users\darli\RiderProjects\kir1l9x\src\Lab2\Services\LabWorkService.cs", "C#", 0, 0, 46, 0, 0, 14, 60
"c:\Users\darli\RiderProjects\kir1l9x\src\Lab2\Services\LectureMaterialService.cs", "C#", 0, 0, 41, 0, 0, 12, 53
"c:\Users\darli\RiderProjects\kir1l9x\src\Lab2\Services\SubjectService.cs", "C#", 0, 0, 98, 0, 0, 28, 126
"c:\Users\darli\RiderProjects\kir1l9x\src\Lab2\Services\TermService.cs", "C#", 0, 0, 16, 0, 0, 4, 20
"c:\Users\darli\RiderProjects\kir1l9x\src\Lab2\Services\UserService.cs", "C#", 0, 0, 15, 0, 0, 4, 19
"c:\Users\darli\RiderProjects\kir1l9x\src\Lab2\Subjects\Builders\BaseSubjectBuilder.cs", "C#", 0, 0, 48, 0, 0, 12, 60
"c:\Users\darli\RiderProjects\kir1l9x\src\Lab2\Subjects\Builders\ISubjectBuilder.cs", "C#", 0, 0, 7, 0, 0, 3, 10
"c:\Users\darli\RiderProjects\kir1l9x\src\Lab2\Subjects\CreditSubject.cs", "C#", 0, 0, 98, 0, 0, 32, 130
"c:\Users\darli\RiderProjects\kir1l9x\src\Lab2\Subjects\ExamSubject.cs", "C#", 0, 0, 88, 0, 0, 28, 116
"c:\Users\darli\RiderProjects\kir1l9x\src\Lab2\Subjects\ISubject.cs", "C#", 0, 0, 9, 0, 0, 5, 14
"c:\Users\darli\RiderProjects\kir1l9x\src\Lab2\Subjects\SubjectResult.cs", "C#", 0, 0, 33, 0, 0, 8, 41
"c:\Users\darli\RiderProjects\kir1l9x\src\Lab2\Terms\ITerm.cs", "C#", 0, 0, 5, 0, 0, 1, 6
"c:\Users\darli\RiderProjects\kir1l9x\src\Lab2\Terms\Term.cs", "C#", 0, 0, 34, 0, 0, 11, 45
"c:\Users\darli\RiderProjects\kir1l9x\src\Lab2\Users\IUser.cs", "C#", 0, 0, 6, 0, 0, 2, 8
"c:\Users\darli\RiderProjects\kir1l9x\src\Lab2\Users\UniversityUser.cs", "C#", 0, 0, 13, 0, 0, 5, 18
"c:\Users\darli\RiderProjects\kir1l9x\src\Lab2\Users\UserResult.cs", "C#", 0, 0, 21, 0, 0, 5, 26
"c:\Users\darli\RiderProjects\kir1l9x\src\Lab3\Displays\Display.cs", "C#", 0, 0, 10, 0, 0, 2, 12
"c:\Users\darli\RiderProjects\kir1l9x\src\Lab3\Displays\Drivers\DisplayDriver.cs", "C#", 0, 0, 23, 0, 0, 6, 29
"c:\Users\darli\RiderProjects\kir1l9x\src\Lab3\Displays\Drivers\FileDriver.cs", "C#", 0, 0, 12, 0, 0, 2, 14
"c:\Users\darli\RiderProjects\kir1l9x\src\Lab3\Displays\Drivers\IDriver.cs", "C#", 0, 0, 6, 0, 0, 2, 8
"c:\Users\darli\RiderProjects\kir1l9x\src\Lab3\Displays\IDisplay.cs", "C#", 0, 0, 5, 0, 0, 1, 6
"c:\Users\darli\RiderProjects\kir1l9x\src\Lab3\Lab3.csproj", "XML", 9, 0, 0, 0, 0, 4, 13
"c:\Users\darli\RiderProjects\kir1l9x\src\Lab3\Loggers\FileServices\FileService.cs", "C#", 0, 0, 19, 0, 0, 5, 24
"c:\Users\darli\RiderProjects\kir1l9x\src\Lab3\Loggers\FileServices\IFileService.cs", "C#", 0, 0, 7, 0, 0, 3, 10
"c:\Users\darli\RiderProjects\kir1l9x\src\Lab3\Loggers\ILogger.cs", "C#", 0, 0, 10, 0, 0, 6, 16
"c:\Users\darli\RiderProjects\kir1l9x\src\Lab3\Loggers\LogLevels\LogLevel.cs", "C#", 0, 0, 8, 0, 0, 1, 9
"c:\Users\darli\RiderProjects\kir1l9x\src\Lab3\Loggers\Logger.cs", "C#", 0, 0, 59, 0, 0, 12, 71
"c:\Users\darli\RiderProjects\kir1l9x\src\Lab3\Messages\IMessage.cs", "C#", 0, 0, 8, 0, 0, 4, 12
"c:\Users\darli\RiderProjects\kir1l9x\src\Lab3\Messages\Message.cs", "C#", 0, 0, 58, 0, 0, 20, 78
"c:\Users\darli\RiderProjects\kir1l9x\src\Lab3\Messages\ReadMessageResult.cs", "C#", 0, 0, 7, 0, 0, 3, 10
"c:\Users\darli\RiderProjects\kir1l9x\src\Lab3\Messages\ReadableMessage.cs", "C#", 0, 0, 21, 0, 0, 7, 28
"c:\Users\darli\RiderProjects\kir1l9x\src\Lab3\Messenger\ConsoleMessenger.cs", "C#", 0, 0, 9, 0, 0, 1, 10
"c:\Users\darli\RiderProjects\kir1l9x\src\Lab3\Messenger\IMessenger.cs", "C#", 0, 0, 5, 0, 0, 1, 6
"c:\Users\darli\RiderProjects\kir1l9x\src\Lab3\Modifiers\ColorModifier.cs", "C#", 0, 0, 9, 0, 0, 2, 11
"c:\Users\darli\RiderProjects\kir1l9x\src\Lab3\Modifiers\IModifier.cs", "C#", 0, 0, 5, 0, 0, 1, 6
"c:\Users\darli\RiderProjects\kir1l9x\src\Lab3\Priorities\PriorityLevel.cs", "C#", 0, 0, 33, 0, 0, 5, 38
"c:\Users\darli\RiderProjects\kir1l9x\src\Lab3\Recipient\DisplayRecipient.cs", "C#", 0, 0, 17, 0, 0, 4, 21
"c:\Users\darli\RiderProjects\kir1l9x\src\Lab3\Recipient\GroupRecipient.cs", "C#", 0, 0, 23, 0, 0, 5, 28
"c:\Users\darli\RiderProjects\kir1l9x\src\Lab3\Recipient\IRecipient.cs", "C#", 0, 0, 8, 0, 0, 3, 11
"c:\Users\darli\RiderProjects\kir1l9x\src\Lab3\Recipient\MessengerRecipient.cs", "C#", 0, 0, 17, 0, 0, 4, 21
"c:\Users\darli\RiderProjects\kir1l9x\src\Lab3\Recipient\RecipientDeliverResult.cs", "C#", 0, 0, 6, 0, 0, 2, 8
"c:\Users\darli\RiderProjects\kir1l9x\src\Lab3\Recipient\RecipientLogger.cs", "C#", 0, 0, 20, 0, 0, 5, 25
"c:\Users\darli\RiderProjects\kir1l9x\src\Lab3\Recipient\UserRecipient.cs", "C#", 0, 0, 17, 0, 0, 4, 21
"c:\Users\darli\RiderProjects\kir1l9x\src\Lab3\Topics\ITopic.cs", "C#", 0, 0, 8, 0, 0, 4, 12
"c:\Users\darli\RiderProjects\kir1l9x\src\Lab3\Topics\Topic.cs", "C#", 0, 0, 65, 0, 0, 13, 78
"c:\Users\darli\RiderProjects\kir1l9x\src\Lab3\Topics\TopicDeliverResult.cs", "C#", 0, 0, 6, 0, 0, 2, 8
"c:\Users\darli\RiderProjects\kir1l9x\src\Lab3\Topics\TopicLogger.cs", "C#", 0, 0, 20, 0, 0, 6, 26
"c:\Users\darli\RiderProjects\kir1l9x\src\Lab3\Users\IUser.cs", "C#", 0, 0, 7, 0, 0, 3, 10
"c:\Users\darli\RiderProjects\kir1l9x\src\Lab3\Users\User.cs", "C#", 0, 0, 23, 0, 0, 7, 30
"c:\Users\darli\RiderProjects\kir1l9x\src\Lab4\CommandCallers\ChainCreator.cs", "C#", 0, 0, 62, 0, 0, 14, 76
"c:\Users\darli\RiderProjects\kir1l9x\src\Lab4\CommandCallers\CommandHandlerBase.cs", "C#", 0, 0, 19, 0, 0, 5, 24
"c:\Users\darli\RiderProjects\kir1l9x\src\Lab4\CommandCallers\ConnectCommandHandlers\ConnectChain\BaseConnectChainElement.cs", "C#", 0, 0, 20, 0, 0, 5, 25
"c:\Users\darli\RiderProjects\kir1l9x\src\Lab4\CommandCallers\ConnectCommandHandlers\ConnectChain\ConnectAddressHandler.cs", "C#", 0, 0, 23, 0, 0, 6, 29
"c:\Users\darli\RiderProjects\kir1l9x\src\Lab4\CommandCallers\ConnectCommandHandlers\ConnectChain\ConnectFlagHandler.cs", "C#", 0, 0, 24, 0, 0, 5, 29
"c:\Users\darli\RiderProjects\kir1l9x\src\Lab4\CommandCallers\ConnectCommandHandlers\ConnectChain\ConnectLocalModeHandler.cs", "C#", 0, 0, 17, 0, 0, 4, 21
"c:\Users\darli\RiderProjects\kir1l9x\src\Lab4\CommandCallers\ConnectCommandHandlers\ConnectChain\IConnectChainElement.cs", "C#", 0, 0, 8, 0, 0, 3, 11
"c:\Users\darli\RiderProjects\kir1l9x\src\Lab4\CommandCallers\ConnectCommandHandlers\ConnectCommandHandler.cs", "C#", 0, 0, 28, 0, 0, 6, 34
"c:\Users\darli\RiderProjects\kir1l9x\src\Lab4\CommandCallers\DisconnectCommandHandlers\DisconnectHandler.cs", "C#", 0, 0, 15, 0, 0, 4, 19
"c:\Users\darli\RiderProjects\kir1l9x\src\Lab4\CommandCallers\FileCommandsHandlers\FileChains\BaseFileChainElement.cs", "C#", 0, 0, 19, 0, 0, 5, 24
"c:\Users\darli\RiderProjects\kir1l9x\src\Lab4\CommandCallers\FileCommandsHandlers\FileChains\FileCopyCommandHandlers\CopyChain\BaseCopyChainElement.cs", "C#", 0, 0, 20, 0, 0, 5, 25
"c:\Users\darli\RiderProjects\kir1l9x\src\Lab4\CommandCallers\FileCommandsHandlers\FileChains\FileCopyCommandHandlers\CopyChain\CopyDestinationPathHandler.cs", "C#", 0, 0, 18, 0, 0, 5, 23
"c:\Users\darli\RiderProjects\kir1l9x\src\Lab4\CommandCallers\FileCommandsHandlers\FileChains\FileCopyCommandHandlers\CopyChain\CopySourcePathHandler.cs", "C#", 0, 0, 23, 0, 0, 5, 28
"c:\Users\darli\RiderProjects\kir1l9x\src\Lab4\CommandCallers\FileCommandsHandlers\FileChains\FileCopyCommandHandlers\CopyChain\ICopyChainElement.cs", "C#", 0, 0, 8, 0, 0, 3, 11
"c:\Users\darli\RiderProjects\kir1l9x\src\Lab4\CommandCallers\FileCommandsHandlers\FileChains\FileCopyCommandHandlers\FileCopyHandler.cs", "C#", 0, 0, 28, 0, 0, 6, 34
"c:\Users\darli\RiderProjects\kir1l9x\src\Lab4\CommandCallers\FileCommandsHandlers\FileChains\FileDeleteCommandHandlers\DeleteChain\BaseDeleteChainElement.cs", "C#", 0, 0, 20, 0, 0, 5, 25
"c:\Users\darli\RiderProjects\kir1l9x\src\Lab4\CommandCallers\FileCommandsHandlers\FileChains\FileDeleteCommandHandlers\DeleteChain\DeletePathHandler.cs", "C#", 0, 0, 18, 0, 0, 5, 23
"c:\Users\darli\RiderProjects\kir1l9x\src\Lab4\CommandCallers\FileCommandsHandlers\FileChains\FileDeleteCommandHandlers\DeleteChain\IDeleteChainElement.cs", "C#", 0, 0, 8, 0, 0, 3, 11
"c:\Users\darli\RiderProjects\kir1l9x\src\Lab4\CommandCallers\FileCommandsHandlers\FileChains\FileDeleteCommandHandlers\FileDeleteHandler.cs", "C#", 0, 0, 28, 0, 0, 6, 34
"c:\Users\darli\RiderProjects\kir1l9x\src\Lab4\CommandCallers\FileCommandsHandlers\FileChains\FileMoveCommandHandlers\FileMoveHandler.cs", "C#", 0, 0, 28, 0, 0, 6, 34
"c:\Users\darli\RiderProjects\kir1l9x\src\Lab4\CommandCallers\FileCommandsHandlers\FileChains\FileMoveCommandHandlers\MoveChain\BaseMoveChainElement.cs", "C#", 0, 0, 20, 0, 0, 5, 25
"c:\Users\darli\RiderProjects\kir1l9x\src\Lab4\CommandCallers\FileCommandsHandlers\FileChains\FileMoveCommandHandlers\MoveChain\IMoveChainElement.cs", "C#", 0, 0, 8, 0, 0, 3, 11
"c:\Users\darli\RiderProjects\kir1l9x\src\Lab4\CommandCallers\FileCommandsHandlers\FileChains\FileMoveCommandHandlers\MoveChain\MoveDestinationPathHandler.cs", "C#", 0, 0, 18, 0, 0, 5, 23
"c:\Users\darli\RiderProjects\kir1l9x\src\Lab4\CommandCallers\FileCommandsHandlers\FileChains\FileMoveCommandHandlers\MoveChain\MoveSourcePathHandler.cs", "C#", 0, 0, 23, 0, 0, 5, 28
"c:\Users\darli\RiderProjects\kir1l9x\src\Lab4\CommandCallers\FileCommandsHandlers\FileChains\FileRenameCommandHandlers\FileRenameHandler.cs", "C#", 0, 0, 28, 0, 0, 6, 34
"c:\Users\darli\RiderProjects\kir1l9x\src\Lab4\CommandCallers\FileCommandsHandlers\FileChains\FileRenameCommandHandlers\RenameChain\BaseRenameChainElement.cs", "C#", 0, 0, 20, 0, 0, 5, 25
"c:\Users\darli\RiderProjects\kir1l9x\src\Lab4\CommandCallers\FileCommandsHandlers\FileChains\FileRenameCommandHandlers\RenameChain\IRenameChainElement.cs", "C#", 0, 0, 8, 0, 0, 3, 11
"c:\Users\darli\RiderProjects\kir1l9x\src\Lab4\CommandCallers\FileCommandsHandlers\FileChains\FileRenameCommandHandlers\RenameChain\RenameNameHandler.cs", "C#", 0, 0, 15, 0, 0, 4, 19
"c:\Users\darli\RiderProjects\kir1l9x\src\Lab4\CommandCallers\FileCommandsHandlers\FileChains\FileRenameCommandHandlers\RenameChain\RenamePathHandler.cs", "C#", 0, 0, 23, 0, 0, 5, 28
"c:\Users\darli\RiderProjects\kir1l9x\src\Lab4\CommandCallers\FileCommandsHandlers\FileChains\FileShowCommandHandlers\FileShowHandler.cs", "C#", 0, 0, 28, 0, 0, 6, 34
"c:\Users\darli\RiderProjects\kir1l9x\src\Lab4\CommandCallers\FileCommandsHandlers\FileChains\FileShowCommandHandlers\ShowChain\BaseShowChainElement.cs", "C#", 0, 0, 20, 0, 0, 5, 25
"c:\Users\darli\RiderProjects\kir1l9x\src\Lab4\CommandCallers\FileCommandsHandlers\FileChains\FileShowCommandHandlers\ShowChain\IShowChainElement.cs", "C#", 0, 0, 8, 0, 0, 3, 11
"c:\Users\darli\RiderProjects\kir1l9x\src\Lab4\CommandCallers\FileCommandsHandlers\FileChains\FileShowCommandHandlers\ShowChain\ShowConsoleModeHandler.cs", "C#", 0, 0, 17, 0, 0, 4, 21
"c:\Users\darli\RiderProjects\kir1l9x\src\Lab4\CommandCallers\FileCommandsHandlers\FileChains\FileShowCommandHandlers\ShowChain\ShowFlagHandler.cs", "C#", 0, 0, 24, 0, 0, 5, 29
"c:\Users\darli\RiderProjects\kir1l9x\src\Lab4\CommandCallers\FileCommandsHandlers\FileChains\FileShowCommandHandlers\ShowChain\ShowPathHandler.cs", "C#", 0, 0, 23, 0, 0, 5, 28
"c:\Users\darli\RiderProjects\kir1l9x\src\Lab4\CommandCallers\FileCommandsHandlers\FileChains\IFileChainElement.cs", "C#", 0, 0, 7, 0, 0, 3, 10
"c:\Users\darli\RiderProjects\kir1l9x\src\Lab4\CommandCallers\FileCommandsHandlers\FileHandler.cs", "C#", 0, 0, 27, 0, 0, 6, 33
"c:\Users\darli\RiderProjects\kir1l9x\src\Lab4\CommandCallers\ICommandHandler.cs", "C#", 0, 0, 7, 0, 0, 3, 10
"c:\Users\darli\RiderProjects\kir1l9x\src\Lab4\CommandCallers\TreeCommandsHandlers\TreeChain\BaseTreeChainElement.cs", "C#", 0, 0, 19, 0, 0, 5, 24
"c:\Users\darli\RiderProjects\kir1l9x\src\Lab4\CommandCallers\TreeCommandsHandlers\TreeChain\ITreeChainElement.cs", "C#", 0, 0, 7, 0, 0, 3, 10
"c:\Users\darli\RiderProjects\kir1l9x\src\Lab4\CommandCallers\TreeCommandsHandlers\TreeChain\TreeGoToCommandHandlers\GoToChain\BaseGoToChainElement.cs", "C#", 0, 0, 20, 0, 0, 5, 25
"c:\Users\darli\RiderProjects\kir1l9x\src\Lab4\CommandCallers\TreeCommandsHandlers\TreeChain\TreeGoToCommandHandlers\GoToChain\GoToPathHandler.cs", "C#", 0, 0, 18, 0, 0, 5, 23
"c:\Users\darli\RiderProjects\kir1l9x\src\Lab4\CommandCallers\TreeCommandsHandlers\TreeChain\TreeGoToCommandHandlers\GoToChain\IGoToChainElement.cs", "C#", 0, 0, 8, 0, 0, 3, 11
"c:\Users\darli\RiderProjects\kir1l9x\src\Lab4\CommandCallers\TreeCommandsHandlers\TreeChain\TreeGoToCommandHandlers\TreeGoToHandler.cs", "C#", 0, 0, 28, 0, 0, 6, 34
"c:\Users\darli\RiderProjects\kir1l9x\src\Lab4\CommandCallers\TreeCommandsHandlers\TreeChain\TreeListCommandHandler\ListChain\BaseListChainElement.cs", "C#", 0, 0, 20, 0, 0, 5, 25
"c:\Users\darli\RiderProjects\kir1l9x\src\Lab4\CommandCallers\TreeCommandsHandlers\TreeChain\TreeListCommandHandler\ListChain\IListChainElement.cs", "C#", 0, 0, 8, 0, 0, 3, 11
"c:\Users\darli\RiderProjects\kir1l9x\src\Lab4\CommandCallers\TreeCommandsHandlers\TreeChain\TreeListCommandHandler\ListChain\ListDepthHandler.cs", "C#", 0, 0, 16, 0, 0, 4, 20
"c:\Users\darli\RiderProjects\kir1l9x\src\Lab4\CommandCallers\TreeCommandsHandlers\TreeChain\TreeListCommandHandler\ListChain\ListFlagHandler.cs", "C#", 0, 0, 24, 0, 0, 5, 29
"c:\Users\darli\RiderProjects\kir1l9x\src\Lab4\CommandCallers\TreeCommandsHandlers\TreeChain\TreeListCommandHandler\TreeListHandler.cs", "C#", 0, 0, 28, 0, 0, 6, 34
"c:\Users\darli\RiderProjects\kir1l9x\src\Lab4\CommandCallers\TreeCommandsHandlers\TreeCommandHandler.cs", "C#", 0, 0, 27, 0, 0, 6, 33
"c:\Users\darli\RiderProjects\kir1l9x\src\Lab4\Commands\CommandRunner.cs", "C#", 0, 0, 20, 0, 0, 4, 24
"c:\Users\darli\RiderProjects\kir1l9x\src\Lab4\Commands\ICommand.cs", "C#", 0, 0, 5, 0, 0, 1, 6
"c:\Users\darli\RiderProjects\kir1l9x\src\Lab4\Commands\SpecificCommands\ConnectCommand.cs", "C#", 0, 0, 53, 0, 0, 13, 66
"c:\Users\darli\RiderProjects\kir1l9x\src\Lab4\Commands\SpecificCommands\DisconnectCommand.cs", "C#", 0, 0, 20, 0, 0, 4, 24
"c:\Users\darli\RiderProjects\kir1l9x\src\Lab4\Commands\SpecificCommands\FileCopyCommand.cs", "C#", 0, 0, 56, 0, 0, 13, 69
"c:\Users\darli\RiderProjects\kir1l9x\src\Lab4\Commands\SpecificCommands\FileDeleteCommand.cs", "C#", 0, 0, 44, 0, 0, 12, 56
"c:\Users\darli\RiderProjects\kir1l9x\src\Lab4\Commands\SpecificCommands\FileMoveCommand.cs", "C#", 0, 0, 56, 0, 0, 13, 69
"c:\Users\darli\RiderProjects\kir1l9x\src\Lab4\Commands\SpecificCommands\FileRenameCommand.cs", "C#", 0, 0, 56, 0, 0, 13, 69
"c:\Users\darli\RiderProjects\kir1l9x\src\Lab4\Commands\SpecificCommands\FileShowCommand.cs", "C#", 0, 0, 53, 0, 0, 13, 66
"c:\Users\darli\RiderProjects\kir1l9x\src\Lab4\Commands\SpecificCommands\TreeGotoCommand.cs", "C#", 0, 0, 44, 0, 0, 12, 56
"c:\Users\darli\RiderProjects\kir1l9x\src\Lab4\Commands\SpecificCommands\TreeListCommand.cs", "C#", 0, 0, 43, 0, 0, 11, 54
"c:\Users\darli\RiderProjects\kir1l9x\src\Lab4\Context.cs", "C#", 0, 0, 28, 0, 0, 8, 36
"c:\Users\darli\RiderProjects\kir1l9x\src\Lab4\ContextTools.cs", "C#", 0, 0, 16, 0, 0, 5, 21
"c:\Users\darli\RiderProjects\kir1l9x\src\Lab4\FileSystemModes\FileSystemMode.cs", "C#", 0, 0, 5, 0, 0, 1, 6
"c:\Users\darli\RiderProjects\kir1l9x\src\Lab4\FileSystems\IFileSystem.cs", "C#", 0, 0, 14, 0, 0, 10, 24
"c:\Users\darli\RiderProjects\kir1l9x\src\Lab4\FileSystems\LocalWindowsFileSystem.cs", "C#", 0, 0, 94, 0, 0, 26, 120
"c:\Users\darli\RiderProjects\kir1l9x\src\Lab4\Lab4.csproj", "XML", 9, 0, 0, 0, 0, 4, 13
"c:\Users\darli\RiderProjects\kir1l9x\src\Lab4\Loggers\FileServices\FileService.cs", "C#", 0, 0, 23, 0, 0, 6, 29
"c:\Users\darli\RiderProjects\kir1l9x\src\Lab4\Loggers\FileServices\IFileService.cs", "C#", 0, 0, 7, 0, 0, 3, 10
"c:\Users\darli\RiderProjects\kir1l9x\src\Lab4\Loggers\ILogger.cs", "C#", 0, 0, 10, 0, 0, 6, 16
"c:\Users\darli\RiderProjects\kir1l9x\src\Lab4\Loggers\LogLevels\LogLevel.cs", "C#", 0, 0, 27, 0, 0, 7, 34
"c:\Users\darli\RiderProjects\kir1l9x\src\Lab4\Loggers\Logger.cs", "C#", 0, 0, 55, 0, 0, 12, 67
"c:\Users\darli\RiderProjects\kir1l9x\src\Lab4\Parsers\ConsoleCommandParser.cs", "C#", 0, 0, 59, 0, 0, 13, 72
"c:\Users\darli\RiderProjects\kir1l9x\src\Lab4\Parsers\ICommandParser.cs", "C#", 0, 0, 7, 0, 0, 3, 10
"c:\Users\darli\RiderProjects\kir1l9x\src\Lab4\Readers\ConsoleReader.cs", "C#", 0, 0, 8, 0, 0, 1, 9
"c:\Users\darli\RiderProjects\kir1l9x\src\Lab4\Readers\IReader.cs", "C#", 0, 0, 5, 0, 0, 1, 6
"c:\Users\darli\RiderProjects\kir1l9x\src\Lab4\ShowModes\ShowMode.cs", "C#", 0, 0, 5, 0, 0, 1, 6
"c:\Users\darli\RiderProjects\kir1l9x\src\Lab4\SystemPaths\ISystemPath.cs", "C#", 0, 0, 5, 0, 0, 1, 6
"c:\Users\darli\RiderProjects\kir1l9x\src\Lab4\SystemPaths\PathValidation\DirectoryPathValidation.cs", "C#", 0, 0, 9, 0, 0, 1, 10
"c:\Users\darli\RiderProjects\kir1l9x\src\Lab4\SystemPaths\PathValidation\FilePathValidation.cs", "C#", 0, 0, 9, 0, 0, 1, 10
"c:\Users\darli\RiderProjects\kir1l9x\src\Lab4\SystemPaths\PathValidation\IPathValidation.cs", "C#", 0, 0, 5, 0, 0, 1, 6
"c:\Users\darli\RiderProjects\kir1l9x\src\Lab4\SystemPaths\PathValidation\SystemPathValidation.cs", "C#", 0, 0, 9, 0, 0, 1, 10
"c:\Users\darli\RiderProjects\kir1l9x\src\Lab4\SystemPaths\SystemPath.cs", "C#", 0, 0, 29, 0, 0, 9, 38
"c:\Users\darli\RiderProjects\kir1l9x\src\Lab4\TreeSignSettings\TreeSignSetting.cs", "C#", 0, 0, 24, 0, 0, 8, 32
"c:\Users\darli\RiderProjects\kir1l9x\src\Lab4\Writers\ConsoleWriter.cs", "C#", 0, 0, 12, 0, 0, 2, 14
"c:\Users\darli\RiderProjects\kir1l9x\src\Lab4\Writers\IWriter.cs", "C#", 0, 0, 5, 0, 0, 1, 6
"c:\Users\darli\RiderProjects\kir1l9x\tests\Lab1.Tests\Lab1.Tests.csproj", "XML", 17, 0, 0, 0, 0, 5, 22
"c:\Users\darli\RiderProjects\kir1l9x\tests\Lab1.Tests\MyTests.cs", "C#", 0, 0, 127, 0, 0, 34, 161
"c:\Users\darli\RiderProjects\kir1l9x\tests\Lab2.Tests\Lab2.Tests.csproj", "XML", 17, 0, 0, 0, 0, 5, 22
"c:\Users\darli\RiderProjects\kir1l9x\tests\Lab2.Tests\MyTests.cs", "C#", 0, 0, 86, 0, 0, 25, 111
"c:\Users\darli\RiderProjects\kir1l9x\tests\Lab3.Tests\Lab3.Tests.csproj", "XML", 17, 0, 0, 0, 0, 5, 22
"c:\Users\darli\RiderProjects\kir1l9x\tests\Lab3.Tests\MyTests.cs", "C#", 0, 0, 141, 0, 0, 32, 173
"c:\Users\darli\RiderProjects\kir1l9x\tests\Lab4.Tests\Lab4.Tests.csproj", "XML", 17, 0, 0, 0, 0, 5, 22
"c:\Users\darli\RiderProjects\kir1l9x\tests\Lab4.Tests\MyTests.cs", "C#", 0, 0, 131, 0, 0, 26, 157
"c:\Users\darli\RiderProjects\kir1l9x\tests\Lab5.Tests\Lab5.Tests.csproj", "XML", 26, 0, 0, 0, 0, 5, 31
"c:\Users\darli\RiderProjects\kir1l9x\tests\Lab5.Tests\MyTests.cs", "C#", 0, 0, 110, 0, 0, 17, 127
"Total", "-", 301, 72, 8781, 64, 9, 2274, 11501